{"cameraMode":{"drawMode":0,"name":"Shaded","section":"Shading Mode"},"sceneLighting":false,"audioPlay":false,"sceneViewState":{"m_AlwaysRefresh":false,"showFog":true,"showSkybox":false,"showFlares":true,"showImageEffects":true,"showParticleSystems":true,"showVisualEffectGraphs":true,"m_FxEnabled":true},"in2DMode":false,"pivot":{"x":1.4237228631973267,"y":1.7639083862304688,"z":17.685077667236329},"rotation":{"x":0.1916245073080063,"y":0.6923707723617554,"z":-0.19901657104492188,"w":0.6666532754898071},"size":1.8080483675003052,"orthographic":false}